{"cameraMode":{"drawMode":0,"name":"Shaded","section":"Shading Mode"},"sceneLighting":true,"audioPlay":false,"sceneViewState":{"showFog":true,"showMaterialUpdate":true,"showSkybox":true,"showFlares":true,"showImageEffects":true,"showParticleSystems":true},"in2DMode":false,"pivot":{"x":8.56861686706543,"y":2.428229331970215,"z":-1.1202430725097657},"rotation":{"x":-0.2321603149175644,"y":0.5308212041854858,"z":-0.15396791696548463,"w":-0.8003958463668823},"size":0.950976550579071,"orthographic":false}